decades,trade_barriers,diversification,specialization
1970s,-3.464541177897156,-15.772863707051059,12.308322529153914
1980s,-12.260564964718874,-35.89762112461589,23.637056159897014
1990s,-33.9882118161701,-66.15711425672899,32.16890244055889
2000s,-66.96162254781132,-64.55860169945419,-2.4030208483571216
